,capital,isonumeric,currencyname,tld,iso3,fips,currencycode,neighbours,iso,geonameid,languages,phone,areakm2,population,continentcode,postalcoderegex,name
AD,Andorra la Vella,20,Euro,.ad,AND,AN,EUR,"ES,FR",AD,3041565,ca,376,468,84000,EU,^(?:AD)*(\d{3})$,Andorra
AE,Abu Dhabi,784,Dirham,.ae,ARE,AE,AED,"SA,OM",AE,290557,"ar-AE,fa,en,hi,ur",971,82880,4975593,AS,,United Arab Emirates
AF,Kabul,4,Afghani,.af,AFG,AF,AFN,"TM,CN,IR,TJ,PK,UZ",AF,1149361,"fa-AF,ps,uz-AF,tk",93,647500,29121286,AS,,Afghanistan
AG,St. John's,28,Dollar,.ag,ATG,AC,XCD,,AG,3576396,en-AG,+1-268,443,86754,NA,,Antigua and Barbuda
AI,The Valley,660,Dollar,.ai,AIA,AV,XCD,,AI,3573511,en-AI,+1-264,102,13254,NA,,Anguilla
AL,Tirana,8,Lek,.al,ALB,AL,ALL,"MK,GR,CS,ME,RS,XK",AL,783754,"sq,el",355,28748,2986952,EU,,Albania
AM,Yerevan,51,Dram,.am,ARM,AM,AMD,"GE,IR,AZ,TR",AM,174982,hy,374,29800,2968000,AS,^(\d{6})$,Armenia
AN,Willemstad,530,Guilder,.an,ANT,NT,ANG,GP,AN,0,"nl-AN,en,es",599,960,136197,NA,,Netherlands Antilles
AO,Luanda,24,Kwanza,.ao,AGO,AO,AOA,"CD,NA,ZM,CG",AO,3351879,pt-AO,244,1246700,13068161,AF,,Angola
AQ,,10,,.aq,ATA,AY,,,AQ,6697173,,,14000000,0,AN,,Antarctica
AR,Buenos Aires,32,Peso,.ar,ARG,AR,ARS,"CL,BO,UY,PY,BR",AR,3865483,"es-AR,en,it,de,fr,gn",54,2766890,41343201,SA,^([A-Z]\d{4}[A-Z]{3})$,Argentina
AS,Pago Pago,16,Dollar,.as,ASM,AQ,USD,,AS,5880801,"en-AS,sm,to",+1-684,199,57881,OC,,American Samoa
AT,Vienna,40,Euro,.at,AUT,AU,EUR,"CH,DE,HU,SK,CZ,IT,SI,LI",AT,2782113,"de-AT,hr,hu,sl",43,83858,8205000,EU,^(\d{4})$,Austria
AU,Canberra,36,Dollar,.au,AUS,AS,AUD,,AU,2077456,en-AU,61,7686850,21515754,OC,^(\d{4})$,Australia
AW,Oranjestad,533,Guilder,.aw,ABW,AA,AWG,,AW,3577279,"nl-AW,es,en",297,193,71566,NA,,Aruba
AX,Mariehamn,248,Euro,.ax,ALA,,EUR,,AX,661882,sv-AX,+358-18,0,26711,EU,,Aland Islands
AZ,Baku,31,Manat,.az,AZE,AJ,AZN,"GE,IR,AM,TR,RU",AZ,587116,"az,ru,hy",994,86600,8303512,AS,^(?:AZ)*(\d{4})$,Azerbaijan
BA,Sarajevo,70,Marka,.ba,BIH,BK,BAM,"CS,HR,ME,RS",BA,3277605,"bs,hr-BA,sr-BA",387,51129,4590000,EU,^(\d{5})$,Bosnia and Herzegovina
BB,Bridgetown,52,Dollar,.bb,BRB,BB,BBD,,BB,3374084,en-BB,+1-246,431,285653,NA,^(?:BB)*(\d{5})$,Barbados
BD,Dhaka,50,Taka,.bd,BGD,BG,BDT,"MM,IN",BD,1210997,"bn-BD,en",880,144000,156118464,AS,^(\d{4})$,Bangladesh
BE,Brussels,56,Euro,.be,BEL,BE,EUR,"DE,NL,LU,FR",BE,2802361,"nl-BE,fr-BE,de-BE",32,30510,10403000,EU,^(\d{4})$,Belgium
BF,Ouagadougou,854,Franc,.bf,BFA,UV,XOF,"NE,BJ,GH,CI,TG,ML",BF,2361809,fr-BF,226,274200,16241811,AF,,Burkina Faso
BG,Sofia,100,Lev,.bg,BGR,BU,BGN,"MK,GR,RO,CS,TR,RS",BG,732800,"bg,tr-BG",359,110910,7148785,EU,^(\d{4})$,Bulgaria
BH,Manama,48,Dinar,.bh,BHR,BA,BHD,,BH,290291,"ar-BH,en,fa,ur",973,665,738004,AS,^(\d{3}\d?)$,Bahrain
BI,Bujumbura,108,Franc,.bi,BDI,BY,BIF,"TZ,CD,RW",BI,433561,"fr-BI,rn",257,27830,9863117,AF,,Burundi
BJ,Porto-Novo,204,Franc,.bj,BEN,BN,XOF,"NE,TG,BF,NG",BJ,2395170,fr-BJ,229,112620,9056010,AF,,Benin
BL,Gustavia,652,Euro,.gp,BLM,TB,EUR,,BL,3578476,fr,590,21,8450,NA,,Saint Barthelemy
BM,Hamilton,60,Dollar,.bm,BMU,BD,BMD,,BM,3573345,"en-BM,pt",+1-441,53,65365,NA,^([A-Z]{2}\d{2})$,Bermuda
BN,Bandar Seri Begawan,96,Dollar,.bn,BRN,BX,BND,MY,BN,1820814,"ms-BN,en-BN",673,5770,395027,AS,^([A-Z]{2}\d{4})$,Brunei
BO,Sucre,68,Boliviano,.bo,BOL,BL,BOB,"PE,CL,PY,BR,AR",BO,3923057,"es-BO,qu,ay",591,1098580,9947418,SA,,Bolivia
BQ,,535,Dollar,.bq,BES,,USD,,BQ,7626844,"nl,pap,en",599,0,18012,NA,,"Bonaire, Saint Eustatius and Saba "
BR,Brasilia,76,Real,.br,BRA,BR,BRL,"SR,PE,BO,UY,GY,PY,GF,VE,CO,AR",BR,3469034,"pt-BR,es,en,fr",55,8511965,201103330,SA,^(\d{8})$,Brazil
BS,Nassau,44,Dollar,.bs,BHS,BF,BSD,,BS,3572887,en-BS,+1-242,13940,301790,NA,,Bahamas
BT,Thimphu,64,Ngultrum,.bt,BTN,BT,BTN,"CN,IN",BT,1252634,dz,975,47000,699847,AS,,Bhutan
BV,,74,Krone,.bv,BVT,BV,NOK,,BV,3371123,,,0,0,AN,,Bouvet Island
BW,Gaborone,72,Pula,.bw,BWA,BC,BWP,"ZW,ZA,NA",BW,933860,"en-BW,tn-BW",267,600370,2029307,AF,,Botswana
BY,Minsk,112,Ruble,.by,BLR,BO,BYR,"PL,LT,UA,RU,LV",BY,630336,"be,ru",375,207600,9685000,EU,^(\d{6})$,Belarus
BZ,Belmopan,84,Dollar,.bz,BLZ,BH,BZD,"GT,MX",BZ,3582678,"en-BZ,es",501,22966,314522,NA,,Belize
CA,Ottawa,124,Dollar,.ca,CAN,CA,CAD,US,CA,6251999,"en-CA,fr-CA,iu",1,9984670,33679000,NA,^([ABCEGHJKLMNPRSTVXY]\d[ABCEGHJKLMNPRSTVWXYZ]) ?(\d[ABCEGHJKLMNPRSTVWXYZ]\d)$ ,Canada
CC,West Island,166,Dollar,.cc,CCK,CK,AUD,,CC,1547376,"ms-CC,en",61,14,628,AS,,Cocos Islands
CD,Kinshasa,180,Franc,.cd,COD,CG,CDF,"TZ,CF,SS,RW,ZM,BI,UG,CG,AO",CD,203312,"fr-CD,ln,kg",243,2345410,70916439,AF,,Democratic Republic of the Congo
CF,Bangui,140,Franc,.cf,CAF,CT,XAF,"TD,SD,CD,SS,CM,CG",CF,239880,"fr-CF,sg,ln,kg",236,622984,4844927,AF,,Central African Republic
CG,Brazzaville,178,Franc,.cg,COG,CF,XAF,"CF,GA,CD,CM,AO",CG,2260494,"fr-CG,kg,ln-CG",242,342000,3039126,AF,,Republic of the Congo
CH,Berne,756,Franc,.ch,CHE,SZ,CHF,"DE,IT,LI,FR,AT",CH,2658434,"de-CH,fr-CH,it-CH,rm",41,41290,7581000,EU,^(\d{4})$,Switzerland
CI,Yamoussoukro,384,Franc,.ci,CIV,IV,XOF,"LR,GH,GN,BF,ML",CI,2287781,fr-CI,225,322460,21058798,AF,,Ivory Coast
CK,Avarua,184,Dollar,.ck,COK,CW,NZD,,CK,1899402,"en-CK,mi",682,240,21388,OC,,Cook Islands
CL,Santiago,152,Peso,.cl,CHL,CI,CLP,"PE,BO,AR",CL,3895114,es-CL,56,756950,16746491,SA,^(\d{7})$,Chile
CM,Yaounde,120,Franc,.cm,CMR,CM,XAF,"TD,CF,GA,GQ,CG,NG",CM,2233387,"en-CM,fr-CM",237,475440,19294149,AF,,Cameroon
CN,Beijing,156,Yuan Renminbi,.cn,CHN,CH,CNY,"LA,BT,TJ,KZ,MN,AF,NP,MM,KG,PK,KP,RU,VN,IN",CN,1814991,"zh-CN,yue,wuu,dta,ug,za",86,9596960,1330044000,AS,^(\d{6})$,China
CO,Bogota,170,Peso,.co,COL,CO,COP,"EC,PE,PA,BR,VE",CO,3686110,es-CO,57,1138910,44205293,SA,,Colombia
CR,San Jose,188,Colon,.cr,CRI,CS,CRC,"PA,NI",CR,3624060,"es-CR,en",506,51100,4516220,NA,^(\d{4})$,Costa Rica
CS,Belgrade,891,Dinar,.cs,SCG,YI,RSD,"AL,HU,MK,RO,HR,BA,BG",CS,0,"cu,hu,sq,sr",381,102350,10829175,EU,^(\d{5})$,Serbia and Montenegro
CU,Havana,192,Peso,.cu,CUB,CU,CUP,US,CU,3562981,es-CU,53,110860,11423000,NA,^(?:CP)*(\d{5})$,Cuba
CV,Praia,132,Escudo,.cv,CPV,CV,CVE,,CV,3374766,pt-CV,238,4033,508659,AF,^(\d{4})$,Cape Verde
CW, Willemstad,531,Guilder,.cw,CUW,UC,ANG,,CW,7626836,"nl,pap",599,0,141766,NA,,Curacao
CX,Flying Fish Cove,162,Dollar,.cx,CXR,KT,AUD,,CX,2078138,"en,zh,ms-CC",61,135,1500,AS,^(\d{4})$,Christmas Island
CY,Nicosia,196,Euro,.cy,CYP,CY,EUR,,CY,146669,"el-CY,tr-CY,en",357,9250,1102677,EU,^(\d{4})$,Cyprus
CZ,Prague,203,Koruna,.cz,CZE,EZ,CZK,"PL,DE,SK,AT",CZ,3077311,"cs,sk",420,78866,10476000,EU,^(\d{5})$,Czech Republic
DE,Berlin,276,Euro,.de,DEU,GM,EUR,"CH,PL,NL,DK,BE,CZ,LU,FR,AT",DE,2921044,de,49,357021,81802257,EU,^(\d{5})$,Germany
DJ,Djibouti,262,Franc,.dj,DJI,DJ,DJF,"ER,ET,SO",DJ,223816,"fr-DJ,ar,so-DJ,aa",253,23000,740528,AF,,Djibouti
DK,Copenhagen,208,Krone,.dk,DNK,DA,DKK,DE,DK,2623032,"da-DK,en,fo,de-DK",45,43094,5484000,EU,^(\d{4})$,Denmark
DM,Roseau,212,Dollar,.dm,DMA,DO,XCD,,DM,3575830,en-DM,+1-767,754,72813,NA,,Dominica
DO,Santo Domingo,214,Peso,.do,DOM,DR,DOP,HT,DO,3508796,es-DO,+1-809 and 1-829,48730,9823821,NA,^(\d{5})$,Dominican Republic
DZ,Algiers,12,Dinar,.dz,DZA,AG,DZD,"NE,EH,LY,MR,TN,MA,ML",DZ,2589581,ar-DZ,213,2381740,34586184,AF,^(\d{5})$,Algeria
EC,Quito,218,Dollar,.ec,ECU,EC,USD,"PE,CO",EC,3658394,es-EC,593,283560,14790608,SA,^([a-zA-Z]\d{4}[a-zA-Z])$,Ecuador
EE,Tallinn,233,Euro,.ee,EST,EN,EUR,"RU,LV",EE,453733,"et,ru",372,45226,1291170,EU,^(\d{5})$,Estonia
EG,Cairo,818,Pound,.eg,EGY,EG,EGP,"LY,SD,IL",EG,357994,"ar-EG,en,fr",20,1001450,80471869,AF,^(\d{5})$,Egypt
EH,El-Aaiun,732,Dirham,.eh,ESH,WI,MAD,"DZ,MR,MA",EH,2461445,"ar,mey",212,266000,273008,AF,,Western Sahara
ER,Asmara,232,Nakfa,.er,ERI,ER,ERN,"ET,SD,DJ",ER,338010,"aa-ER,ar,tig,kun,ti-ER",291,121320,5792984,AF,,Eritrea
ES,Madrid,724,Euro,.es,ESP,SP,EUR,"AD,PT,GI,FR,MA",ES,2510769,"es-ES,ca,gl,eu,oc",34,504782,46505963,EU,^(\d{5})$,Spain
ET,Addis Ababa,231,Birr,.et,ETH,ET,ETB,"ER,KE,SD,SS,SO,DJ",ET,337996,"am,en-ET,om-ET,ti-ET,so-ET,sid",251,1127127,88013491,AF,^(\d{4})$,Ethiopia
FI,Helsinki,246,Euro,.fi,FIN,FI,EUR,"NO,RU,SE",FI,660013,"fi-FI,sv-FI,smn",358,337030,5244000,EU,^(?:FI)*(\d{5})$,Finland
FJ,Suva,242,Dollar,.fj,FJI,FJ,FJD,,FJ,2205218,"en-FJ,fj",679,18270,875983,OC,,Fiji
FK,Stanley,238,Pound,.fk,FLK,FK,FKP,,FK,3474414,en-FK,500,12173,2638,SA,,Falkland Islands
FM,Palikir,583,Dollar,.fm,FSM,FM,USD,,FM,2081918,"en-FM,chk,pon,yap,kos,uli,woe,nkr,kpg",691,702,107708,OC,^(\d{5})$,Micronesia
FO,Torshavn,234,Krone,.fo,FRO,FO,DKK,,FO,2622320,"fo,da-FO",298,1399,48228,EU,^(?:FO)*(\d{3})$,Faroe Islands
FR,Paris,250,Euro,.fr,FRA,FR,EUR,"CH,DE,BE,LU,IT,AD,MC,ES",FR,3017382,"fr-FR,frp,br,co,ca,eu,oc",33,547030,64768389,EU,^(\d{5})$,France
GA,Libreville,266,Franc,.ga,GAB,GB,XAF,"CM,GQ,CG",GA,2400553,fr-GA,241,267667,1545255,AF,,Gabon
GB,London,826,Pound,.uk,GBR,UK,GBP,IE,GB,2635167,"en-GB,cy-GB,gd",44,244820,62348447,EU,^(([A-Z]\d{2}[A-Z]{2})|([A-Z]\d{3}[A-Z]{2})|([A-Z]{2}\d{2}[A-Z]{2})|([A-Z]{2}\d{3}[A-Z]{2})|([A-Z]\d[A-Z]\d[A-Z]{2})|([A-Z]{2}\d[A-Z]\d[A-Z]{2})|(GIR0AA))$,United Kingdom
GD,St. George's,308,Dollar,.gd,GRD,GJ,XCD,,GD,3580239,en-GD,+1-473,344,107818,NA,,Grenada
GE,Tbilisi,268,Lari,.ge,GEO,GG,GEL,"AM,AZ,TR,RU",GE,614540,"ka,ru,hy,az",995,69700,4630000,AS,^(\d{4})$,Georgia
GF,Cayenne,254,Euro,.gf,GUF,FG,EUR,"SR,BR",GF,3381670,fr-GF,594,91000,195506,SA,^((97|98)3\d{2})$,French Guiana
GG,St Peter Port,831,Pound,.gg,GGY,GK,GBP,,GG,3042362,"en,fr",+44-1481,78,65228,EU,^(([A-Z]\d{2}[A-Z]{2})|([A-Z]\d{3}[A-Z]{2})|([A-Z]{2}\d{2}[A-Z]{2})|([A-Z]{2}\d{3}[A-Z]{2})|([A-Z]\d[A-Z]\d[A-Z]{2})|([A-Z]{2}\d[A-Z]\d[A-Z]{2})|(GIR0AA))$,Guernsey
GH,Accra,288,Cedi,.gh,GHA,GH,GHS,"CI,TG,BF",GH,2300660,"en-GH,ak,ee,tw",233,239460,24339838,AF,,Ghana
GI,Gibraltar,292,Pound,.gi,GIB,GI,GIP,ES,GI,2411586,"en-GI,es,it,pt",350,6,27884,EU,,Gibraltar
GL,Nuuk,304,Krone,.gl,GRL,GL,DKK,,GL,3425505,"kl,da-GL,en",299,2166086,56375,NA,^(\d{4})$,Greenland
GM,Banjul,270,Dalasi,.gm,GMB,GA,GMD,SN,GM,2413451,"en-GM,mnk,wof,wo,ff",220,11300,1593256,AF,,Gambia
GN,Conakry,324,Franc,.gn,GIN,GV,GNF,"LR,SN,SL,CI,GW,ML",GN,2420477,fr-GN,224,245857,10324025,AF,,Guinea
GP,Basse-Terre,312,Euro,.gp,GLP,GP,EUR,AN,GP,3579143,fr-GP,590,1780,443000,NA,^((97|98)\d{3})$,Guadeloupe
GQ,Malabo,226,Franc,.gq,GNQ,EK,XAF,"GA,CM",GQ,2309096,"es-GQ,fr",240,28051,1014999,AF,,Equatorial Guinea
GR,Athens,300,Euro,.gr,GRC,GR,EUR,"AL,MK,TR,BG",GR,390903,"el-GR,en,fr",30,131940,11000000,EU,^(\d{5})$,Greece
GS,Grytviken,239,Pound,.gs,SGS,SX,GBP,,GS,3474415,en,,3903,30,AN,,South Georgia and the South Sandwich Islands
GT,Guatemala City,320,Quetzal,.gt,GTM,GT,GTQ,"MX,HN,BZ,SV",GT,3595528,es-GT,502,108890,13550440,NA,^(\d{5})$,Guatemala
GU,Hagatna,316,Dollar,.gu,GUM,GQ,USD,,GU,4043988,"en-GU,ch-GU",+1-671,549,159358,OC,^(969\d{2})$,Guam
GW,Bissau,624,Franc,.gw,GNB,PU,XOF,"SN,GN",GW,2372248,"pt-GW,pov",245,36120,1565126,AF,^(\d{4})$,Guinea-Bissau
GY,Georgetown,328,Dollar,.gy,GUY,GY,GYD,"SR,BR,VE",GY,3378535,en-GY,592,214970,748486,SA,,Guyana
HK,Hong Kong,344,Dollar,.hk,HKG,HK,HKD,,HK,1819730,"zh-HK,yue,zh,en",852,1092,6898686,AS,,Hong Kong
HM,,334,Dollar,.hm,HMD,HM,AUD,,HM,1547314,, ,412,0,AN,,Heard Island and McDonald Islands
HN,Tegucigalpa,340,Lempira,.hn,HND,HO,HNL,"GT,NI,SV",HN,3608932,es-HN,504,112090,7989415,NA,^([A-Z]{2}\d{4})$,Honduras
HR,Zagreb,191,Kuna,.hr,HRV,HR,HRK,"HU,SI,CS,BA,ME,RS",HR,3202326,"hr-HR,sr",385,56542,4491000,EU,^(?:HR)*(\d{5})$,Croatia
HT,Port-au-Prince,332,Gourde,.ht,HTI,HA,HTG,DO,HT,3723988,"ht,fr-HT",509,27750,9648924,NA,^(?:HT)*(\d{4})$,Haiti
HU,Budapest,348,Forint,.hu,HUN,HU,HUF,"SK,SI,RO,UA,CS,HR,AT,RS",HU,719819,hu-HU,36,93030,9982000,EU,^(\d{4})$,Hungary
ID,Jakarta,360,Rupiah,.id,IDN,ID,IDR,"PG,TL,MY",ID,1643084,"id,en,nl,jv",62,1919440,242968342,AS,^(\d{5})$,Indonesia
IE,Dublin,372,Euro,.ie,IRL,EI,EUR,GB,IE,2963597,"en-IE,ga-IE",353,70280,4622917,EU,,Ireland
IL,Jerusalem,376,Shekel,.il,ISR,IS,ILS,"SY,JO,LB,EG,PS",IL,294640,"he,ar-IL,en-IL,",972,20770,7353985,AS,^(\d{5})$,Israel
IM,"Douglas, Isle of Man",833,Pound,.im,IMN,IM,GBP,,IM,3042225,"en,gv",+44-1624,572,75049,EU,^(([A-Z]\d{2}[A-Z]{2})|([A-Z]\d{3}[A-Z]{2})|([A-Z]{2}\d{2}[A-Z]{2})|([A-Z]{2}\d{3}[A-Z]{2})|([A-Z]\d[A-Z]\d[A-Z]{2})|([A-Z]{2}\d[A-Z]\d[A-Z]{2})|(GIR0AA))$,Isle of Man
IN,New Delhi,356,Rupee,.in,IND,IN,INR,"CN,NP,MM,BT,PK,BD",IN,1269750,"en-IN,hi,bn,te,mr,ta,ur,gu,kn,ml,or,pa,as,bh,sat,ks,ne,sd,kok,doi,mni,sit,sa,fr,lus,inc",91,3287590,1173108018,AS,^(\d{6})$,India
IO,Diego Garcia,86,Dollar,.io,IOT,IO,USD,,IO,1282588,en-IO,246,60,4000,AS,,British Indian Ocean Territory
IQ,Baghdad,368,Dinar,.iq,IRQ,IZ,IQD,"SY,SA,IR,JO,TR,KW",IQ,99237,"ar-IQ,ku,hy",964,437072,29671605,AS,^(\d{5})$,Iraq
IR,Tehran,364,Rial,.ir,IRN,IR,IRR,"TM,AF,IQ,AM,PK,AZ,TR",IR,130758,"fa-IR,ku",98,1648000,76923300,AS,^(\d{10})$,Iran
IS,Reykjavik,352,Krona,.is,ISL,IC,ISK,,IS,2629691,"is,en,de,da,sv,no",354,103000,308910,EU,^(\d{3})$,Iceland
IT,Rome,380,Euro,.it,ITA,IT,EUR,"CH,VA,SI,SM,FR,AT",IT,3175395,"it-IT,de-IT,fr-IT,sc,ca,co,sl",39,301230,60340328,EU,^(\d{5})$,Italy
JE,Saint Helier,832,Pound,.je,JEY,JE,GBP,,JE,3042142,"en,pt",+44-1534,116,90812,EU,^(([A-Z]\d{2}[A-Z]{2})|([A-Z]\d{3}[A-Z]{2})|([A-Z]{2}\d{2}[A-Z]{2})|([A-Z]{2}\d{3}[A-Z]{2})|([A-Z]\d[A-Z]\d[A-Z]{2})|([A-Z]{2}\d[A-Z]\d[A-Z]{2})|(GIR0AA))$,Jersey
JM,Kingston,388,Dollar,.jm,JAM,JM,JMD,,JM,3489940,en-JM,+1-876,10991,2847232,NA,,Jamaica
JO,Amman,400,Dinar,.jo,JOR,JO,JOD,"SY,SA,IQ,IL,PS",JO,248816,"ar-JO,en",962,92300,6407085,AS,^(\d{5})$,Jordan
JP,Tokyo,392,Yen,.jp,JPN,JA,JPY,,JP,1861060,ja,81,377835,127288000,AS,^(\d{7})$,Japan
KE,Nairobi,404,Shilling,.ke,KEN,KE,KES,"ET,TZ,SS,SO,UG",KE,192950,"en-KE,sw-KE",254,582650,40046566,AF,^(\d{5})$,Kenya
KG,Bishkek,417,Som,.kg,KGZ,KG,KGS,"CN,TJ,UZ,KZ",KG,1527747,"ky,uz,ru",996,198500,5508626,AS,^(\d{6})$,Kyrgyzstan
KH,Phnom Penh,116,Riels,.kh,KHM,CB,KHR,"LA,TH,VN",KH,1831722,"km,fr,en",855,181040,14453680,AS,^(\d{5})$,Cambodia
KI,Tarawa,296,Dollar,.ki,KIR,KR,AUD,,KI,4030945,"en-KI,gil",686,811,92533,OC,,Kiribati
KM,Moroni,174,Franc,.km,COM,CN,KMF,,KM,921929,"ar,fr-KM",269,2170,773407,AF,,Comoros
KN,Basseterre,659,Dollar,.kn,KNA,SC,XCD,,KN,3575174,en-KN,+1-869,261,51134,NA,,Saint Kitts and Nevis
KP,Pyongyang,408,Won,.kp,PRK,KN,KPW,"CN,KR,RU",KP,1873107,ko-KP,850,120540,22912177,AS,^(\d{6})$,North Korea
KR,Seoul,410,Won,.kr,KOR,KS,KRW,KP,KR,1835841,"ko-KR,en",82,98480,48422644,AS,^(?:SEOUL)*(\d{6})$,South Korea
KW,Kuwait City,414,Dinar,.kw,KWT,KU,KWD,"SA,IQ",KW,285570,"ar-KW,en",965,17820,2789132,AS,^(\d{5})$,Kuwait
KY,George Town,136,Dollar,.ky,CYM,CJ,KYD,,KY,3580718,en-KY,+1-345,262,44270,NA,,Cayman Islands
KZ,Astana,398,Tenge,.kz,KAZ,KZ,KZT,"TM,CN,KG,UZ,RU",KZ,1522867,"kk,ru",7,2717300,15340000,AS,^(\d{6})$,Kazakhstan
LA,Vientiane,418,Kip,.la,LAO,LA,LAK,"CN,MM,KH,TH,VN",LA,1655842,"lo,fr,en",856,236800,6368162,AS,^(\d{5})$,Laos
LB,Beirut,422,Pound,.lb,LBN,LE,LBP,"SY,IL",LB,272103,"ar-LB,fr-LB,en,hy",961,10400,4125247,AS,^(\d{4}(\d{4})?)$,Lebanon
LC,Castries,662,Dollar,.lc,LCA,ST,XCD,,LC,3576468,en-LC,+1-758,616,160922,NA,,Saint Lucia
LI,Vaduz,438,Franc,.li,LIE,LS,CHF,"CH,AT",LI,3042058,de-LI,423,160,35000,EU,^(\d{4})$,Liechtenstein
LK,Colombo,144,Rupee,.lk,LKA,CE,LKR,,LK,1227603,"si,ta,en",94,65610,21513990,AS,^(\d{5})$,Sri Lanka
LR,Monrovia,430,Dollar,.lr,LBR,LI,LRD,"SL,CI,GN",LR,2275384,en-LR,231,111370,3685076,AF,^(\d{4})$,Liberia
LS,Maseru,426,Loti,.ls,LSO,LT,LSL,ZA,LS,932692,"en-LS,st,zu,xh",266,30355,1919552,AF,^(\d{3})$,Lesotho
LT,Vilnius,440,Litas,.lt,LTU,LH,LTL,"PL,BY,RU,LV",LT,597427,"lt,ru,pl",370,65200,3565000,EU,^(?:LT)*(\d{5})$,Lithuania
LU,Luxembourg,442,Euro,.lu,LUX,LU,EUR,"DE,BE,FR",LU,2960313,"lb,de-LU,fr-LU",352,2586,497538,EU,^(\d{4})$,Luxembourg
LV,Riga,428,Euro,.lv,LVA,LG,EUR,"LT,EE,BY,RU",LV,458258,"lv,ru,lt",371,64589,2217969,EU,^(?:LV)*(\d{4})$,Latvia
LY,Tripolis,434,Dinar,.ly,LBY,LY,LYD,"TD,NE,DZ,SD,TN,EG",LY,2215636,"ar-LY,it,en",218,1759540,6461454,AF,,Libya
MA,Rabat,504,Dirham,.ma,MAR,MO,MAD,"DZ,EH,ES",MA,2542007,"ar-MA,fr",212,446550,31627428,AF,^(\d{5})$,Morocco
MC,Monaco,492,Euro,.mc,MCO,MN,EUR,FR,MC,2993457,"fr-MC,en,it",377,1,32965,EU,^(\d{5})$,Monaco
MD,Chisinau,498,Leu,.md,MDA,MD,MDL,"RO,UA",MD,617790,"ro,ru,gag,tr",373,33843,4324000,EU,^(?:MD)*(\d{4})$,Moldova
ME,Podgorica,499,Euro,.me,MNE,MJ,EUR,"AL,HR,BA,RS,XK",ME,3194884,"sr,hu,bs,sq,hr,rom",382,14026,666730,EU,^(\d{5})$,Montenegro
MF,Marigot,663,Euro,.gp,MAF,RN,EUR,SX,MF,3578421,fr,590,53,35925,NA,,Saint Martin
MG,Antananarivo,450,Ariary,.mg,MDG,MA,MGA,,MG,1062947,"fr-MG,mg",261,587040,21281844,AF,^(\d{3})$,Madagascar
MH,Majuro,584,Dollar,.mh,MHL,RM,USD,,MH,2080185,"mh,en-MH",692,181,65859,OC,,Marshall Islands
MK,Skopje,807,Denar,.mk,MKD,MK,MKD,"AL,GR,CS,BG,RS,XK",MK,718075,"mk,sq,tr,rmm,sr",389,25333,2062294,EU,^(\d{4})$,Macedonia
ML,Bamako,466,Franc,.ml,MLI,ML,XOF,"SN,NE,DZ,CI,GN,MR,BF",ML,2453866,"fr-ML,bm",223,1240000,13796354,AF,,Mali
MM,Nay Pyi Taw,104,Kyat,.mm,MMR,BM,MMK,"CN,LA,TH,BD,IN",MM,1327865,my,95,678500,53414374,AS,^(\d{5})$,Myanmar
MN,Ulan Bator,496,Tugrik,.mn,MNG,MG,MNT,"CN,RU",MN,2029969,"mn,ru",976,1565000,3086918,AS,^(\d{6})$,Mongolia
MO,Macao,446,Pataca,.mo,MAC,MC,MOP,,MO,1821275,"zh,zh-MO,pt",853,254,449198,AS,,Macao
MP,Saipan,580,Dollar,.mp,MNP,CQ,USD,,MP,4041468,"fil,tl,zh,ch-MP,en-MP",+1-670,477,53883,OC,,Northern Mariana Islands
MQ,Fort-de-France,474,Euro,.mq,MTQ,MB,EUR,,MQ,3570311,fr-MQ,596,1100,432900,NA,^(\d{5})$,Martinique
MR,Nouakchott,478,Ouguiya,.mr,MRT,MR,MRO,"SN,DZ,EH,ML",MR,2378080,"ar-MR,fuc,snk,fr,mey,wo",222,1030700,3205060,AF,,Mauritania
MS,Plymouth,500,Dollar,.ms,MSR,MH,XCD,,MS,3578097,en-MS,+1-664,102,9341,NA,,Montserrat
MT,Valletta,470,Euro,.mt,MLT,MT,EUR,,MT,2562770,"mt,en-MT",356,316,403000,EU,^([A-Z]{3}\d{2}\d?)$,Malta
MU,Port Louis,480,Rupee,.mu,MUS,MP,MUR,,MU,934292,"en-MU,bho,fr",230,2040,1294104,AF,,Mauritius
MV,Male,462,Rufiyaa,.mv,MDV,MV,MVR,,MV,1282028,"dv,en",960,300,395650,AS,^(\d{5})$,Maldives
MW,Lilongwe,454,Kwacha,.mw,MWI,MI,MWK,"TZ,MZ,ZM",MW,927384,"ny,yao,tum,swk",265,118480,15447500,AF,,Malawi
MX,Mexico City,484,Peso,.mx,MEX,MX,MXN,"GT,US,BZ",MX,3996063,es-MX,52,1972550,112468855,NA,^(\d{5})$,Mexico
MY,Kuala Lumpur,458,Ringgit,.my,MYS,MY,MYR,"BN,TH,ID",MY,1733045,"ms-MY,en,zh,ta,te,ml,pa,th",60,329750,28274729,AS,^(\d{5})$,Malaysia
MZ,Maputo,508,Metical,.mz,MOZ,MZ,MZN,"ZW,TZ,SZ,ZA,ZM,MW",MZ,1036973,"pt-MZ,vmw",258,801590,22061451,AF,^(\d{4})$,Mozambique
NA,Windhoek,516,Dollar,.na,NAM,WA,NAD,"ZA,BW,ZM,AO",NA,3355338,"en-NA,af,de,hz,naq",264,825418,2128471,AF,,Namibia
NC,Noumea,540,Franc,.nc,NCL,NC,XPF,,NC,2139685,fr-NC,687,19060,216494,OC,^(\d{5})$,New Caledonia
NE,Niamey,562,Franc,.ne,NER,NG,XOF,"TD,BJ,DZ,LY,BF,NG,ML",NE,2440476,"fr-NE,ha,kr,dje",227,1267000,15878271,AF,^(\d{4})$,Niger
NF,Kingston,574,Dollar,.nf,NFK,NF,AUD,,NF,2155115,en-NF,672,34,1828,OC,^(\d{4})$,Norfolk Island
NG,Abuja,566,Naira,.ng,NGA,NI,NGN,"TD,NE,BJ,CM",NG,2328926,"en-NG,ha,yo,ig,ff",234,923768,154000000,AF,^(\d{6})$,Nigeria
NI,Managua,558,Cordoba,.ni,NIC,NU,NIO,"CR,HN",NI,3617476,"es-NI,en",505,129494,5995928,NA,^(\d{7})$,Nicaragua
NL,Amsterdam,528,Euro,.nl,NLD,NL,EUR,"DE,BE",NL,2750405,"nl-NL,fy-NL",31,41526,16645000,EU,^(\d{4}[A-Z]{2})$,Netherlands
NO,Oslo,578,Krone,.no,NOR,NO,NOK,"FI,RU,SE",NO,3144096,"no,nb,nn,se,fi",47,324220,5009150,EU,^(\d{4})$,Norway
NP,Kathmandu,524,Rupee,.np,NPL,NP,NPR,"CN,IN",NP,1282988,"ne,en",977,140800,28951852,AS,^(\d{5})$,Nepal
NR,Yaren,520,Dollar,.nr,NRU,NR,AUD,,NR,2110425,"na,en-NR",674,21,10065,OC,,Nauru
NU,Alofi,570,Dollar,.nu,NIU,NE,NZD,,NU,4036232,"niu,en-NU",683,260,2166,OC,,Niue
NZ,Wellington,554,Dollar,.nz,NZL,NZ,NZD,,NZ,2186224,"en-NZ,mi",64,268680,4252277,OC,^(\d{4})$,New Zealand
OM,Muscat,512,Rial,.om,OMN,MU,OMR,"SA,YE,AE",OM,286963,"ar-OM,en,bal,ur",968,212460,2967717,AS,^(\d{3})$,Oman
PA,Panama City,591,Balboa,.pa,PAN,PM,PAB,"CR,CO",PA,3703430,"es-PA,en",507,78200,3410676,NA,,Panama
PE,Lima,604,Sol,.pe,PER,PE,PEN,"EC,CL,BO,BR,CO",PE,3932488,"es-PE,qu,ay",51,1285220,29907003,SA,,Peru
PF,Papeete,258,Franc,.pf,PYF,FP,XPF,,PF,4030656,"fr-PF,ty",689,4167,270485,OC,^((97|98)7\d{2})$,French Polynesia
PG,Port Moresby,598,Kina,.pg,PNG,PP,PGK,ID,PG,2088628,"en-PG,ho,meu,tpi",675,462840,6064515,OC,^(\d{3})$,Papua New Guinea
PH,Manila,608,Peso,.ph,PHL,RP,PHP,,PH,1694008,"tl,en-PH,fil",63,300000,99900177,AS,^(\d{4})$,Philippines
PK,Islamabad,586,Rupee,.pk,PAK,PK,PKR,"CN,AF,IR,IN",PK,1168579,"ur-PK,en-PK,pa,sd,ps,brh",92,803940,184404791,AS,^(\d{5})$,Pakistan
PL,Warsaw,616,Zloty,.pl,POL,PL,PLN,"DE,LT,SK,CZ,BY,UA,RU",PL,798544,pl,48,312685,38500000,EU,^(\d{5})$,Poland
PM,Saint-Pierre,666,Euro,.pm,SPM,SB,EUR,,PM,3424932,fr-PM,508,242,7012,NA,^(97500)$,Saint Pierre and Miquelon
PN,Adamstown,612,Dollar,.pn,PCN,PC,NZD,,PN,4030699,en-PN,870,47,46,OC,,Pitcairn
PR,San Juan,630,Dollar,.pr,PRI,RQ,USD,,PR,4566966,"en-PR,es-PR",+1-787 and 1-939,9104,3916632,NA,^(\d{9})$,Puerto Rico
PS,East Jerusalem,275,Shekel,.ps,PSE,WE,ILS,"JO,IL",PS,6254930,ar-PS,970,5970,3800000,AS,,Palestinian Territory
PT,Lisbon,620,Euro,.pt,PRT,PO,EUR,ES,PT,2264397,"pt-PT,mwl",351,92391,10676000,EU,^(\d{7})$,Portugal
PW,Melekeok,585,Dollar,.pw,PLW,PS,USD,,PW,1559582,"pau,sov,en-PW,tox,ja,fil,zh",680,458,19907,OC,^(96940)$,Palau
PY,Asuncion,600,Guarani,.py,PRY,PA,PYG,"BO,BR,AR",PY,3437598,"es-PY,gn",595,406750,6375830,SA,^(\d{4})$,Paraguay
QA,Doha,634,Rial,.qa,QAT,QA,QAR,SA,QA,289688,"ar-QA,es",974,11437,840926,AS,,Qatar
RE,Saint-Denis,638,Euro,.re,REU,RE,EUR,,RE,935317,fr-RE,262,2517,776948,AF,^((97|98)(4|7|8)\d{2})$,Reunion
RO,Bucharest,642,Leu,.ro,ROU,RO,RON,"MD,HU,UA,CS,BG,RS",RO,798549,"ro,hu,rom",40,237500,21959278,EU,^(\d{6})$,Romania
RS,Belgrade,688,Dinar,.rs,SRB,RI,RSD,"AL,HU,MK,RO,HR,BA,BG,ME,XK",RS,6290252,"sr,hu,bs,rom",381,88361,7344847,EU,^(\d{6})$,Serbia
RU,Moscow,643,Ruble,.ru,RUS,RS,RUB,"GE,CN,BY,UA,KZ,LV,PL,EE,LT,FI,MN,NO,AZ,KP",RU,2017370,"ru,tt,xal,cau,ady,kv,ce,tyv,cv,udm,tut,mns,bua,myv,mdf,chm,ba,inh,tut,kbd,krc,ava,sah,nog",7,17100000,140702000,EU,^(\d{6})$,Russia
RW,Kigali,646,Franc,.rw,RWA,RW,RWF,"TZ,CD,BI,UG",RW,49518,"rw,en-RW,fr-RW,sw",250,26338,11055976,AF,,Rwanda
SA,Riyadh,682,Rial,.sa,SAU,SA,SAR,"QA,OM,IQ,YE,JO,AE,KW",SA,102358,ar-SA,966,1960582,25731776,AS,^(\d{5})$,Saudi Arabia
SB,Honiara,90,Dollar,.sb,SLB,BP,SBD,,SB,2103350,"en-SB,tpi",677,28450,559198,OC,,Solomon Islands
SC,Victoria,690,Rupee,.sc,SYC,SE,SCR,,SC,241170,"en-SC,fr-SC",248,455,88340,AF,,Seychelles
SD,Khartoum,729,Pound,.sd,SDN,SU,SDG,"SS,TD,EG,ET,ER,LY,CF",SD,366755,"ar-SD,en,fia",249,1861484,35000000,AF,^(\d{5})$,Sudan
SE,Stockholm,752,Krona,.se,SWE,SW,SEK,"NO,FI",SE,2661886,"sv-SE,se,sma,fi-SE",46,449964,9555893,EU,^(?:SE)*(\d{5})$,Sweden
SG,Singapur,702,Dollar,.sg,SGP,SN,SGD,,SG,1880251,"cmn,en-SG,ms-SG,ta-SG,zh-SG",65,692,4701069,AS,^(\d{6})$,Singapore
SH,Jamestown,654,Pound,.sh,SHN,SH,SHP,,SH,3370751,en-SH,290,410,7460,AF,^(STHL1ZZ)$,Saint Helena
SI,Ljubljana,705,Euro,.si,SVN,SI,EUR,"HU,IT,HR,AT",SI,3190538,"sl,sh",386,20273,2007000,EU,^(?:SI)*(\d{4})$,Slovenia
SJ,Longyearbyen,744,Krone,.sj,SJM,SV,NOK,,SJ,607072,"no,ru",47,62049,2550,EU,,Svalbard and Jan Mayen
SK,Bratislava,703,Euro,.sk,SVK,LO,EUR,"PL,HU,CZ,UA,AT",SK,3057568,"sk,hu",421,48845,5455000,EU,^(\d{5})$,Slovakia
SL,Freetown,694,Leone,.sl,SLE,SL,SLL,"LR,GN",SL,2403846,"en-SL,men,tem",232,71740,5245695,AF,,Sierra Leone
SM,San Marino,674,Euro,.sm,SMR,SM,EUR,IT,SM,3168068,it-SM,378,61,31477,EU,^(4789\d)$,San Marino
SN,Dakar,686,Franc,.sn,SEN,SG,XOF,"GN,MR,GW,GM,ML",SN,2245662,"fr-SN,wo,fuc,mnk",221,196190,12323252,AF,^(\d{5})$,Senegal
SO,Mogadishu,706,Shilling,.so,SOM,SO,SOS,"ET,KE,DJ",SO,51537,"so-SO,ar-SO,it,en-SO",252,637657,10112453,AF,^([A-Z]{2}\d{5})$,Somalia
SR,Paramaribo,740,Dollar,.sr,SUR,NS,SRD,"GY,BR,GF",SR,3382998,"nl-SR,en,srn,hns,jv",597,163270,492829,SA,,Suriname
SS,Juba,728,Pound,,SSD,OD,SSP,"CD,CF,ET,KE,SD,UG,",SS,7909807,en,211,644329,8260490,AF,,South Sudan
ST,Sao Tome,678,Dobra,.st,STP,TP,STD,,ST,2410758,pt-ST,239,1001,175808,AF,,Sao Tome and Principe
SV,San Salvador,222,Dollar,.sv,SLV,ES,USD,"GT,HN",SV,3585968,es-SV,503,21040,6052064,NA,^(?:CP)*(\d{4})$,El Salvador
SX,Philipsburg,534,Guilder,.sx,SXM,NN,ANG,MF,SX,7609695,"nl,en",599,0,37429,NA,,Sint Maarten
SY,Damascus,760,Pound,.sy,SYR,SY,SYP,"IQ,JO,IL,TR,LB",SY,163843,"ar-SY,ku,hy,arc,fr,en",963,185180,22198110,AS,,Syria
SZ,Mbabane,748,Lilangeni,.sz,SWZ,WZ,SZL,"ZA,MZ",SZ,934841,"en-SZ,ss-SZ",268,17363,1354051,AF,^([A-Z]\d{3})$,Swaziland
TC,Cockburn Town,796,Dollar,.tc,TCA,TK,USD,,TC,3576916,en-TC,+1-649,430,20556,NA,^(TKCA 1ZZ)$,Turks and Caicos Islands
TD,N'Djamena,148,Franc,.td,TCD,CD,XAF,"NE,LY,CF,SD,CM,NG",TD,2434508,"fr-TD,ar-TD,sre",235,1284000,10543464,AF,,Chad
TF,Port-aux-Francais,260,Euro  ,.tf,ATF,FS,EUR,,TF,1546748,fr,,7829,140,AN,,French Southern Territories
TG,Lome,768,Franc,.tg,TGO,TO,XOF,"BJ,GH,BF",TG,2363686,"fr-TG,ee,hna,kbp,dag,ha",228,56785,6587239,AF,,Togo
TH,Bangkok,764,Baht,.th,THA,TH,THB,"LA,MM,KH,MY",TH,1605651,"th,en",66,514000,67089500,AS,^(\d{5})$,Thailand
TJ,Dushanbe,762,Somoni,.tj,TJK,TI,TJS,"CN,AF,KG,UZ",TJ,1220409,"tg,ru",992,143100,7487489,AS,^(\d{6})$,Tajikistan
TK,,772,Dollar,.tk,TKL,TL,NZD,,TK,4031074,"tkl,en-TK",690,10,1466,OC,,Tokelau
TL,Dili,626,Dollar,.tl,TLS,TT,USD,ID,TL,1966436,"tet,pt-TL,id,en",670,15007,1154625,OC,,East Timor
TM,Ashgabat,795,Manat,.tm,TKM,TX,TMT,"AF,IR,UZ,KZ",TM,1218197,"tk,ru,uz",993,488100,4940916,AS,^(\d{6})$,Turkmenistan
TN,Tunis,788,Dinar,.tn,TUN,TS,TND,"DZ,LY",TN,2464461,"ar-TN,fr",216,163610,10589025,AF,^(\d{4})$,Tunisia
TO,Nuku'alofa,776,Pa'anga,.to,TON,TN,TOP,,TO,4032283,"to,en-TO",676,748,122580,OC,,Tonga
TR,Ankara,792,Lira,.tr,TUR,TU,TRY,"SY,GE,IQ,IR,GR,AM,AZ,BG",TR,298795,"tr-TR,ku,diq,az,av",90,780580,77804122,AS,^(\d{5})$,Turkey
TT,Port of Spain,780,Dollar,.tt,TTO,TD,TTD,,TT,3573591,"en-TT,hns,fr,es,zh",+1-868,5128,1228691,NA,,Trinidad and Tobago
TV,Funafuti,798,Dollar,.tv,TUV,TV,AUD,,TV,2110297,"tvl,en,sm,gil",688,26,10472,OC,,Tuvalu
TW,Taipei,158,Dollar,.tw,TWN,TW,TWD,,TW,1668284,"zh-TW,zh,nan,hak",886,35980,22894384,AS,^(\d{5})$,Taiwan
TZ,Dodoma,834,Shilling,.tz,TZA,TZ,TZS,"MZ,KE,CD,RW,ZM,BI,UG,MW",TZ,149590,"sw-TZ,en,ar",255,945087,41892895,AF,,Tanzania
UA,Kiev,804,Hryvnia,.ua,UKR,UP,UAH,"PL,MD,HU,SK,BY,RO,RU",UA,690791,"uk,ru-UA,rom,pl,hu",380,603700,45415596,EU,^(\d{5})$,Ukraine
UG,Kampala,800,Shilling,.ug,UGA,UG,UGX,"TZ,KE,SS,CD,RW",UG,226074,"en-UG,lg,sw,ar",256,236040,33398682,AF,,Uganda
UM,,581,Dollar ,.um,UMI,,USD,,UM,5854968,en-UM,1,0,0,OC,,United States Minor Outlying Islands
US,Washington,840,Dollar,.us,USA,US,USD,"CA,MX,CU",US,6252001,"en-US,es-US,haw,fr",1,9629091,310232863,NA,^\d{5}(-\d{4})?$,United States
UY,Montevideo,858,Peso,.uy,URY,UY,UYU,"BR,AR",UY,3439705,es-UY,598,176220,3477000,SA,^(\d{5})$,Uruguay
UZ,Tashkent,860,Som,.uz,UZB,UZ,UZS,"TM,AF,KG,TJ,KZ",UZ,1512440,"uz,ru,tg",998,447400,27865738,AS,^(\d{6})$,Uzbekistan
VA,Vatican City,336,Euro,.va,VAT,VT,EUR,IT,VA,3164670,"la,it,fr",379,0,921,EU,^(\d{5})$,Vatican
VC,Kingstown,670,Dollar,.vc,VCT,VC,XCD,,VC,3577815,"en-VC,fr",+1-784,389,104217,NA,,Saint Vincent and the Grenadines
VE,Caracas,862,Bolivar,.ve,VEN,VE,VEF,"GY,BR,CO",VE,3625428,es-VE,58,912050,27223228,SA,^(\d{4})$,Venezuela
VG,Road Town,92,Dollar,.vg,VGB,VI,USD,,VG,3577718,en-VG,+1-284,153,21730,NA,,British Virgin Islands
VI,Charlotte Amalie,850,Dollar,.vi,VIR,VQ,USD,,VI,4796775,en-VI,+1-340,352,108708,NA,^\d{5}(-\d{4})?$,U.S. Virgin Islands
VN,Hanoi,704,Dong,.vn,VNM,VM,VND,"CN,LA,KH",VN,1562822,"vi,en,fr,zh,km",84,329560,89571130,AS,^(\d{6})$,Vietnam
VU,Port Vila,548,Vatu,.vu,VUT,NH,VUV,,VU,2134431,"bi,en-VU,fr-VU",678,12200,221552,OC,,Vanuatu
WF,Mata Utu,876,Franc,.wf,WLF,WF,XPF,,WF,4034749,"wls,fud,fr-WF",681,274,16025,OC,^(986\d{2})$,Wallis and Futuna
WS,Apia,882,Tala,.ws,WSM,WS,WST,,WS,4034894,"sm,en-WS",685,2944,192001,OC,,Samoa
XK,Pristina,0,Euro,,XKX,KV,EUR,"RS,AL,MK,ME",XK,831053,"sq,sr",,0,1800000,EU,,Kosovo
YE,Sanaa,887,Rial,.ye,YEM,YM,YER,"SA,OM",YE,69543,ar-YE,967,527970,23495361,AS,,Yemen
YT,Mamoudzou,175,Euro,.yt,MYT,MF,EUR,,YT,1024031,fr-YT,262,374,159042,AF,^(\d{5})$,Mayotte
ZA,Pretoria,710,Rand,.za,ZAF,SF,ZAR,"ZW,SZ,MZ,BW,NA,LS",ZA,953987,"zu,xh,af,nso,en-ZA,tn,st,ts,ss,ve,nr",27,1219912,49000000,AF,^(\d{4})$,South Africa
ZM,Lusaka,894,Kwacha,.zm,ZMB,ZA,ZMK,"ZW,TZ,MZ,CD,NA,MW,AO",ZM,895949,"en-ZM,bem,loz,lun,lue,ny,toi",260,752614,13460305,AF,^(\d{5})$,Zambia
ZW,Harare,716,Dollar,.zw,ZWE,ZI,ZWL,"ZA,MZ,BW,ZM",ZW,878675,"en-ZW,sn,nr,nd",263,390580,11651858,AF,,Zimbabwe
